EmpID,LastName,FirstName,POSITION,Badge ID,ImageName,PAYROLLID
46005,Papillon,William,Technical Consultant IT,30584,46005,100181
46004,Moluc,Robert,Mgr Design,30587,46004,100246
46010,Christenson,Kenneth,Project Manager SD&C,30588,46010,100433
46022,Siegfried,David,Dir Purchasing Const,30586,46022,100675
46002,Masters,Barbara,Compliance Engineer,30582,46002,100678
46024,Todoa,Doreen,Business Syst Analyst,30583,46024,100735
46016,Workman,Mark,Technical Consultant IT,171081159,46016,103730
46025,Tipple,Ella,Procurement Agent,171081158,46025,103739
46009,Xie,Weiping,SAP Developer 4,171081157,46009,103746
46027,Diehard,Kelly,Case Mgmt Consultant,232927,46027,103996
46026,Sindi,Hayat,Mgr Audit,222161,46026,104571
46007,Garg,Sonia,Mgr Project Store Ops,10000355331,46007,104588
46031,Sanders,Linda,IT Infrastructure Analyst,146522,46031,104597
46029,Kulthum,Umm,Exec Assistant to CEO/CFH,239452,46029,104612
46032,Hedges,Marcie,Accountant,129473,46032,104613
46008,Caruso ,Enrique,Business Analyst BPM,563,46008,104623
46044,Pinot,Rafael,SAP Business Analyst 4,207332,46044,104626
46028,Elston,Ronald,Dir Controller,566,46028,104643
46030,Mahmoud,Haider,Sr System Engineer,146907,46030,104658
46039,Weinberger,David,Signals Engineer,171078,46039,104668
46037,Von Trapp,David,Assoc System Engineer,219040,46037,104681
46015,Galli,Jill,Compliance Analyst 3,224815,46015,104682
46038,Marko,Katherine,Guard,153796,46038,104733
46034,Sharma,Gita,Cook I,63376,46034,104736
46035,Lagaston,Amy,Mgr Sr Applications,136681,46035,104753
46040,Gonzalez,Linn,DC Ops HR Clerical,222822,46040,104757
46000,Vasquez,Amy,Social Media Mkt Mgr.,572,46000,104769
46033,Chen,Wendy,Applications Consultant,204816,46033,104790
46011,Li,Wendy,Compliance Analyst 3,587,46011,104835
46014,McIntyre,Donald,Mgr SD&C Brand Development,588,46014,104856
46041,Mars,Nico,Supv HR Operations,171597,46041,104872
46019,Baxter,Tanya,VP Brand HR,215413,46019,104884
46012,Boon Jr.,Jeff,Mgr Sr Applications,136162,46012,104902
46013,Bunty,Brynn,Mgr Public Relations,191607,46013,104908
46036,Milla,Steve,Sr Programmer Analyst,189425,46036,104931
46018,Abboud,Akeem,Technical Consultant IT,250213,46018,104936
46042,Badinage,Phil,SAM Analyst,223337,46042,104987
46043,Beamer,Kevin,Sr Programmer Analyst,136829,46043,105011
46045,Mayberry,Mario,Store Systems Implement Ld,144462,46045,105026
34775,Rink,Andrew,Mgr Tax,203917,34775,105033
46017,Wii,David,Master Lead Maint Tech,58154,46017,105047
